{
 "resolucao": [
  960,
  540
 ],
 "_ajustado_a_mao": true,
 "pontos": {
  "rede_topo": [
   [
    232.5,
    141.5
   ],
   [
    514.9,
    137.5
   ],
   [
    803.3,
    145.5
   ]
  ],
  "rede_base": [
   [
    243.5,
    176.3
   ],
   [
    513.9,
    172.4
   ],
   [
    792.3,
    180.3
   ]
  ],
  "servico_perto": [
   [
    57.9,
    425.4
   ],
   [
    507.9,
    463.3
   ],
   [
    959,
    439.4
   ]
  ],
  "servico_longe": [
   [
    335.3,
    75.7
   ],
   [
    516.9,
    72.7
   ],
   [
    702.5,
    78.7
   ]
  ],
  "fundo_longe": [
   [
    359.3,
    50.8
   ],
   [
    517.9,
    47.8
   ],
   [
    679.6,
    52.8
   ]
  ],
  "juncao_perto": [
   [
    86.8,
    370.6
   ],
   [
    935.1,
    383.6
   ]
  ],
  "juncao_longe": [
   [
    325.3,
    86.7
   ],
   [
    710.5,
    88.7
   ]
  ],
  "central": [
   [
    513.9,
    172.4
   ],
   [
    507.9,
    463.3
   ],
   [
    516.9,
    72.7
   ]
  ]
 },
 "referencias": {
  "rede_topo_m": 10,
  "rede_base_m": 10,
  "servico_perto_m": 16.95,
  "servico_longe_m": 3.05,
  "fundo_longe_m": 0
 },
 "rede_topo_coef": [
  7.341197790685076e-05,
  -0.06903241823658876,
  153.58166100927969
 ],
 "rede_base_coef": [
  7.79874520857984e-05,
  -0.07349077313286066,
  189.57095175191742
 ],
 "servico_perto_coef": [
  -0.00015226259322412075,
  0.1703723974684298,
  416.04588482672835
 ],
 "servico_longe_coef": [
  0.00013302671567386382,
  -0.12988519088581305,
  104.29483099525902
 ],
 "fundo_longe_coef": [
  0.0001555946619159459,
  -0.1554031481514571,
  86.54962641473317
 ],
 "juncao_perto_coef": [
  -9.792534612583533e-05,
  0.1153946783874128,
  361.32153497576775
 ],
 "juncao_longe_coef": [
  0.0001273201515507634,
  -0.12668610498043442,
  114.4379600542199
 ],
 "centro_coef_em_y": [
  2.4230994011892166e-05,
  -0.036029287444752076,
  519.3912613668922
 ],
 "centro_x": 511,
 "rede_tape_coef": [
  7.341197790685076e-05,
  -0.06903241823658876,
  153.58166100927969
 ],
 "_video": "Parada4.mp4",
 "_data": "11 jul 2026",
 "_nota": "Calibracao do PARADA4, a mao (regra C1 do Vasco). 🔒 NAO SUBSTITUIR: e' a base do teste_regressao (96,8/95,4). Campo novo => ficheiro NOVO: calibracao_<video>.json"
}