{
 "resolucao": [
  960,
  540
 ],
 "rede_tape_coef": [
  2.9080906553010807e-05,
  -0.019819262766367383,
  140.55170088650766
 ],
 "servico_longe_coef": [
  1.445684529935575e-05,
  -0.013730982098039121,
  120.2567071331498
 ],
 "servico_perto_coef": [
  -0.00015051611498315243,
  0.16770366263335845,
  416.3307025681023
 ],
 "centro_x": 511
}