{
 "resolucao": [1280, 720],
 "_ajustado_a_mao": true,
 "_video": "BarbosaMeireles.mp4",
 "_frame": "dados_barbosa/frames/CAMPO_LIMPO_mediana.png (mediana de 135 frames - regra C8)",
 "_data": "13 jul 2026",
 "_nota_zonas": "TRANSICAO = a faixa entre as duas costuras da PAREDE (vidro|malha3 -> malha2|malha3). NAO e' a linha de servico. Definicao do Vasco, 13 jul 2026. CONTRADIZ a F2 escrita - a F2 e' que esta' errada. A linha de servico continua a valer para o SERVICO (S1/S9), que e' outra coisa.",
 "_nota_laterais": "lateral_esq/lateral_dir ficam VAZIAS de proposito: DEDUZEM-SE das pontas das 8 linhas do chao (regra C9). Erro maximo do ajuste: 1.2 px esq / 1.9 px dir. O rede_topo NAO entra (esta' no ar). Ver poligono_barbosa.json.",
 "pontos": {
  "rede_topo": [[393.4, 182.5], [652, 180.5], [909.6, 192.5]],
  "rede_base": [[398.4, 228.4], [651, 223.4], [902.6, 237.3]],
  "servico_perto": [[145.8, 440.8], [645, 482.7], [1145.2, 458.7]],
  "servico_longe": [[494.2, 163.5], [651, 163.5], [809.7, 169.5]],
  "fundo_longe": [[517.2, 149.6], [652, 148.6], [787.8, 154.6]],
  "fundo_perto": [[1, 610.3], [1279, 636.2], [157.8, 719], [1176.2, 718]],
  "trans_perto_tras": [[201.7, 387.9], [1094.3, 403.9]],
  "trans_perto_frente": [[1005.4, 322.1], [292.5, 310.1]],
  "trans_longe_tras": [[485.2, 170.5], [819.7, 176.5]],
  "trans_longe_frente": [[838.7, 188.5], [463.3, 183.5]],
  "lateral_esq": [],
  "lateral_dir": [],
  "central": [[651, 223.4], [645, 482.7], [651, 163.5]]
 },
 "referencias": {
  "rede_topo_m": 10,
  "rede_base_m": 10,
  "servico_perto_m": 16.95,
  "servico_longe_m": 3.05,
  "fundo_longe_m": 0,
  "fundo_perto_m": 0
 },
 "rede_topo_coef": [0.00010522627466325904, -0.11773749958246826, 212.53273946331922],
 "rede_base_coef": [0.00014883094769489323, -0.17597733744530442, 274.8865422128496],
 "servico_perto_coef": [-0.00013199429912820097, 0.18831538662237612, 416.14950392337704],
 "servico_longe_coef": [0.00011983259386636863, -0.13723228649576535, 202.05304539558276],
 "fundo_longe_coef": [0.00019069112759912026, -0.23037446401500414, 217.7405894308863],
 "fundo_perto_coef": [-0.0006278406013732462, 0.8288465626357822, 607.0401783798137],
 "trans_perto_tras_coef": [-0.000155784674825384, 0.2198221010204824, 349.89965301377555],
 "trans_perto_frente_coef": [-0.0000406443898187889, 0.06958500889718781, 293.2237664740063],
 "trans_longe_tras_coef": [0.00016510754805013935, -0.1975116197196852, 227.46317742927357],
 "trans_longe_frente_coef": [0.00014707178912053484, -0.17816834316961933, 234.47689124902598],
 "centro_coef_em_y": [-0.00007249129379561516, 0.02804688156952351, 648.3521902519503],
 "centro_x": 649,
 "rede_tape_coef": [0.00010522627466325904, -0.11773749958246826, 212.53273946331922]
}
